{"v":"5.6.5","fr":30,"ip":0,"op":9,"w":32,"h":32,"nm":"heart","ddd":0,"assets":[],"layers":[{"ddd":0,"ind":1,"ty":4,"nm":"heart","sr":1,"ks":{"o":{"a":0,"k":100,"ix":11},"r":{"a":0,"k":0,"ix":10},"p":{"a":0,"k":[16,16,0],"ix":2},"a":{"a":0,"k":[12,12,0],"ix":1},"s":{"a":0,"k":[100,100,100],"ix":6}},"ao":0,"shapes":[{"ty":"gr","it":[{"ind":0,"ty":"sh","ix":1,"ks":{"a":0,"k":{"i":[[0.001,0.001],[2.148,-2.148],[0.001,0],[0,0],[0,0],[2.149,-2.148],[-2.148,-2.148],[0,0],[0,0],[0,0],[0,0],[2.147,2.148]],"o":[[-2.147,-2.148],[0,0],[0,0],[0,0],[-2.148,-2.148],[-2.148,2.148],[0,0],[0,0],[0,0],[0,0],[2.148,-2.147],[-0.001,-0.001]],"v":[[8.84,-7.236],[1.061,-7.237],[1.059,-7.236],[-0.001,-6.176],[-1.061,-7.236],[-8.84,-7.236],[-8.84,0.544],[-7.781,1.604],[-0.001,9.385],[7.779,1.604],[8.84,0.544],[8.842,-7.234]],"c":true},"ix":2},"nm":"Path 1","mn":"ADBE Vector Shape - Group","hd":false},{"ty":"st","c":{"a":0,"k":[1,0,0,1],"ix":3},"o":{"a":0,"k":100,"ix":4},"w":{"a":0,"k":2,"ix":5},"lc":2,"lj":2,"bm":0,"nm":"Stroke 1","mn":"ADBE Vector Graphic - Stroke","hd":false},{"ty":"tr","p":{"a":0,"k":[12,11.846],"ix":2},"a":{"a":0,"k":[0,0],"ix":1},"s":{"a":1,"k":[{"i":{"x":[0.667,0.667],"y":[1,1]},"o":{"x":[0.333,0.333],"y":[0,0]},"t":0,"s":[100,100]},{"i":{"x":[0.667,0.667],"y":[1,1]},"o":{"x":[0.333,0.333],"y":[0,0]},"t":5,"s":[90,90]},{"t":10,"s":[100,100]}],"ix":3},"r":{"a":0,"k":0,"ix":6},"o":{"a":0,"k":100,"ix":7},"sk":{"a":0,"k":0,"ix":4},"sa":{"a":0,"k":0,"ix":5},"nm":"Transform"}],"nm":"Group 1","np":2,"cix":2,"bm":0,"ix":1,"mn":"ADBE Vector Group","hd":false}],"ip":0,"op":10,"st":0,"bm":0},{"ddd":0,"ind":2,"ty":4,"nm":"heart Fill","sr":1,"ks":{"o":{"a":0,"k":100,"ix":11},"r":{"a":0,"k":0,"ix":10},"p":{"a":0,"k":[16,16,0],"ix":2},"a":{"a":0,"k":[12,12,0],"ix":1},"s":{"a":0,"k":[100,100,100],"ix":6}},"ao":0,"shapes":[{"ty":"gr","it":[{"ind":0,"ty":"sh","ix":1,"ks":{"a":0,"k":{"i":[[0.001,0.001],[2.148,-2.148],[0.001,0],[0,0],[0,0],[2.149,-2.148],[-2.148,-2.148],[0,0],[0,0],[0,0],[0,0],[2.147,2.148]],"o":[[-2.147,-2.148],[0,0],[0,0],[0,0],[-2.148,-2.148],[-2.148,2.148],[0,0],[0,0],[0,0],[0,0],[2.148,-2.147],[-0.001,-0.001]],"v":[[8.84,-7.236],[1.061,-7.237],[1.059,-7.236],[-0.001,-6.176],[-1.061,-7.236],[-8.84,-7.236],[-8.84,0.544],[-7.781,1.604],[-0.001,9.385],[7.779,1.604],[8.84,0.544],[8.842,-7.234]],"c":true},"ix":2},"nm":"Path 1","mn":"ADBE Vector Shape - Group","hd":false},{"ty":"fl","c":{"a":0,"k":[1,0,0,1],"ix":4},"o":{"a":0,"k":100,"ix":5},"r":1,"bm":0,"nm":"Fill 1","mn":"ADBE Vector Graphic - Fill","hd":false},{"ty":"tr","p":{"a":0,"k":[12,11.846],"ix":2},"a":{"a":0,"k":[0,0],"ix":1},"s":{"a":1,"k":[{"i":{"x":[0.667,0.667],"y":[1,1]},"o":{"x":[0.333,0.333],"y":[0,0]},"t":2,"s":[50,50]},{"t":10,"s":[100,100]}],"ix":3},"r":{"a":0,"k":0,"ix":6},"o":{"a":1,"k":[{"i":{"x":[0.833],"y":[0.833]},"o":{"x":[0.167],"y":[0.167]},"t":2,"s":[0]},{"t":7,"s":[100]}],"ix":7},"sk":{"a":0,"k":0,"ix":4},"sa":{"a":0,"k":0,"ix":5},"nm":"Transform"}],"nm":"fill","np":2,"cix":2,"bm":0,"ix":1,"mn":"ADBE Vector Group","hd":false}],"ip":0,"op":10,"st":0,"bm":0}],"markers":[]}